Model,Accuracy,Precision,Recall,F1 Score,ROC-AUC,Fidelity,R2_Score,Mean Absolute Error
Logistic Regression,0.8561338860740059,0.7402894135567403,0.6198979591836735,0.6747657063519611,0.9098258135407853,0.8561338860740059,0.21293914178411488,0.14386611392599416
