Model,Accuracy,Precision,Recall,F1 Score,ROC-AUC,Fidelity,R2_Score,Mean Absolute Error
Decision Tree,0.7209302325581395,0.7221483942414175,0.7209302325581395,0.7102650757422209,0.8488095238095239,0.7209302325581395,0.6341419261404779,0.4883720930232558
