Model,Accuracy,Precision,Recall,F1 Score,ROC-AUC,Fidelity,R2_Score,Mean Absolute Error
MLP Classifier,0.8643006263048016,0.8681099506133505,0.8643006263048016,0.8622844212834765,0.4828313830807596,0.8643006263048016,0.7217342789271766,0.20876826722338204
