Model,Accuracy,Precision,Recall,F1 Score,ROC-AUC,Fidelity,R2_Score,Mean Absolute Error
Decision Tree,0.918580375782881,0.9201862537133725,0.918580375782881,0.9189938068334655,0.9663180827886709,0.918580375782881,0.736887362747974,0.16075156576200417
