Model,Accuracy,Precision,Recall,F1 Score,ROC-AUC,Fidelity,R2_Score,Mean Absolute Error
Decision Tree,0.8565,0.7127659574468085,0.49385749385749383,0.583454281567489,0.8323068831543408,0.8565,0.11467708077877581,0.1435
