Model,Accuracy,Precision,Recall,F1 Score,ROC-AUC,Fidelity,R2_Score,Mean Absolute Error
MLP Classifier,0.7441860465116279,0.7445736434108526,0.7441860465116279,0.7403161135111365,0.830952380952381,0.7441860465116279,0.6419261404779145,0.46511627906976744
