Model,R2_Score,Mean Absolute Error,Mean Squared Error,Root Mean Squared Error
Random Forest,0.977240688722909,10.12146876151812,188.62948918689318,13.73424512621255
