Model,Accuracy,Precision,Recall,F1 Score,ROC-AUC,Fidelity,R2_Score,Mean Absolute Error
Decision Tree,0.8602794411177644,0.8040665434380776,0.5548469387755102,0.6566037735849056,0.9065031030106684,0.8602794411177644,0.23561859020655773,0.13972055888223553
