Model,Accuracy,Precision,Recall,F1 Score,ROC-AUC,Fidelity,R2_Score,Mean Absolute Error
Decision Tree,0.8601259020420697,0.8038852913968547,0.5542091836734694,0.6560966402416005,0.9063418909019623,0.8601259020420697,0.2347786106353561,0.1398740979579303
