Model,R2_Score,Mean Absolute Error,Mean Squared Error,Root Mean Squared Error
Random Forest,0.9771821725692122,194.83471304135688,137273.13079731955,370.50388769528394
