Model,R2_Score,Mean Absolute Error,Mean Squared Error,Root Mean Squared Error
Prophet,0.1294468090507458,47.20376553801817,7215.156984300737,84.94208017408532
