{"n_estimators": 53, "max_depth": 3, "learning_rate": 0.01057253469280784, "subsample": 0.6724279686998126, "colsample_bytree": 0.9347269258921512}