{"n_estimators": 55, "max_depth": 3, "learning_rate": 0.29540510012721627, "subsample": 0.9853124572000669, "colsample_bytree": 0.8538076874171308}