Model,R2_Score,Mean Absolute Error,Mean Squared Error,Root Mean Squared Error
Prophet,0.07628203357843011,1707.449037892181,5557131.046285786,2357.3567923175706
