Model,R2_Score,Mean Absolute Error,Mean Squared Error,Root Mean Squared Error
LSTM,0.025242844994045055,0.06251278995262714,0.007403108458033,0.08604131831877636
