{"units": 49, "dropout": 0.24297887448492025, "units_2": 71, "dropout_2": 0.15274308686736363, "learning_rate": 0.003577018845748504, "batch_size": 46}