Model,Accuracy,Precision,Recall,F1 Score,ROC-AUC,Fidelity,R2_Score,Mean Absolute Error
MLP Classifier,0.8642714570858283,0.75,0.6543367346938775,0.6989100817438691,0.917171668970925,0.8642714570858283,0.25745805905779895,0.13572854291417166
