Model,Accuracy,Precision,Recall,F1 Score,ROC-AUC,Fidelity,R2_Score,Mean Absolute Error
Logistic Regression,0.8095,0.6326530612244898,0.1523341523341523,0.2455445544554455,0.7751649955039785,0.8095,-0.175289310882531,0.1905
Decision Tree,0.8565,0.7127659574468085,0.4938574938574938,0.583454281567489,0.8323068831543408,0.8565,0.1146770807787758,0.1435
Random Forest,0.867,0.8078602620087336,0.4545454545454545,0.5817610062893082,0.8569339755780434,0.867,0.1794568065754508,0.133
MLP Classifier,0.8675,0.7730769230769231,0.4938574938574938,0.6026986506746627,0.8641769658718811,0.8675,0.1825415554229115,0.1325
