Model,Accuracy,Precision,Recall,F1 Score,ROC-AUC,Fidelity,R2_Score,Mean Absolute Error
Logistic Regression,0.8561338860740059,0.7402894135567403,0.6198979591836735,0.6747657063519611,0.9098258135407852,0.8561338860740059,0.2129391417841148,0.1438661139259941
Decision Tree,0.8601259020420697,0.8038852913968547,0.5542091836734694,0.6560966402416005,0.9063418909019624,0.8601259020420697,0.2347786106353561,0.1398740979579303
Random Forest,0.8676493167511131,0.77578125,0.6332908163265306,0.6973314606741573,0.920707050514847,0.8676493167511131,0.2759376096242337,0.1323506832488868
MLP Classifier,0.8642714570858283,0.75,0.6543367346938775,0.6989100817438691,0.917171668970925,0.8642714570858283,0.2574580590577989,0.1357285429141716
