Model,Accuracy,Precision,Recall,F1 Score,ROC-AUC,Fidelity,R2_Score,Mean Absolute Error
Naive Bayes,0.5116279069767442,0.4767441860465116,0.5116279069767442,0.4505915952672378,0.7523809523809524,0.5116279069767442,0.4317523533671251,0.813953488372093
Decision Tree,0.7209302325581395,0.7221483942414175,0.7209302325581395,0.7102650757422209,0.8488095238095239,0.7209302325581395,0.6341419261404779,0.4883720930232558
Random Forest,0.7906976744186046,0.7993440667859274,0.7906976744186046,0.788704318936877,0.9190476190476192,0.7906976744186046,0.7976104272266473,0.3255813953488372
MLP Classifier,0.7441860465116279,0.7445736434108526,0.7441860465116279,0.7403161135111365,0.830952380952381,0.7441860465116279,0.6419261404779145,0.4651162790697674
