Model,Accuracy,Precision,Recall,F1 Score,ROC-AUC,Fidelity,R2_Score,Mean Absolute Error
MLP Classifier,0.8675,0.7730769230769231,0.49385749385749383,0.6026986506746627,0.8641769658718811,0.8675,0.1825415554229115,0.1325
