Model,R2_Score,Mean Absolute Error,Mean Squared Error,Root Mean Squared Error
LSTM,0.5758086530305806,0.02666154583765398,0.003042378728568663,0.055157762178760145
